111Slot,111ExamDate,111Session,111Paper,111AdmYear,111RegNo,111Name
E,2021-04-29,Afternoon, EST200  ,18,MAC18EC087,NIKHIL  RAJ
E,2021-04-29,Afternoon, EST200  ,18,MDL18EBE052,ROHITH  K S
E,2021-04-29,Afternoon, EST200  ,19,CHN19CS096,RAHULKRISHNA V NAMBIAR
E,2021-04-29,Afternoon, EST200  ,19,CHN19CS105,SAIKRIPA  R
E,2021-04-29,Afternoon, EST200  ,19,IDK19CS035,MISHMA THOMAS  
E,2021-04-29,Afternoon, EST200  ,19,IDK19IT046,SHILJA   BABU
E,2021-04-29,Afternoon, EST200  ,19,KNR19EC054,JOYLIN  ANCY
E,2021-04-29,Afternoon, EST200  ,19,KNR19EE033,MARY  SAJNA
E,2021-04-29,Afternoon, EST200  ,19,LMDL19CS124,ANU  T S
E,2021-04-29,Afternoon, EST200  ,19,LMDL19CS125,ATHIRA  P C
E,2021-04-29,Afternoon, EST200  ,19,LMDL19CS129,GOPAS  PREM
E,2021-04-29,Afternoon, EST200  ,19,LMDL19CS131,SREELAKSHMI  S
E,2021-04-29,Afternoon, EST200  ,19,LMDL19CS132,VYSAKH  VISWANADH
E,2021-04-29,Afternoon, EST200  ,19,LMDL19EBE062,ABHIRAMI S NAIR
E,2021-04-29,Afternoon, EST200  ,19,LMDL19EBE064,ANAMIKA  M
E,2021-04-29,Afternoon, EST200  ,19,LMDL19EBE070,PRANAV  P P
E,2021-04-29,Afternoon, EST200  ,19,LMDL19EBE073,SREESHMA  P
E,2021-04-29,Afternoon, EST200  ,19,MAC19EC087,REHAN  SABU
E,2021-04-29,Afternoon, EST200  ,19,MDL19CS001,AADHIL  FARHAN K S
E,2021-04-29,Afternoon, EST200  ,19,MDL19CS002,ABIRAM  P
E,2021-04-29,Afternoon, EST200  ,19,MDL19CS003,ABRAHAM JACOB KURIALANICKAL
E,2021-04-29,Afternoon, EST200  ,19,MDL19CS004,ADARSH  R
E,2021-04-29,Afternoon, EST200  ,19,MDL19CS005,ADITHYA  A
E,2021-04-29,Afternoon, EST200  ,19,MDL19CS007,ALAN  PHILIPOSE N.V.
E,2021-04-29,Afternoon, EST200  ,19,MDL19CS008,ALDRIN   JENSON
E,2021-04-29,Afternoon, EST200  ,19,MDL19CS009,ALEENA   BABY
E,2021-04-29,Afternoon, EST200  ,19,MDL19CS010,ALEN J NINAN
E,2021-04-29,Afternoon, EST200  ,19,MDL19CS011,AMAL  KRISHNA N M
E,2021-04-29,Afternoon, EST200  ,19,MDL19CS012,AMITH  RAVEENDRANATH
E,2021-04-29,Afternoon, EST200  ,19,MDL19CS013,ANAGHA S MENON
E,2021-04-29,Afternoon, EST200  ,19,MDL19CS014,ANAND  V
E,2021-04-29,Afternoon, EST200  ,19,MDL19CS015,ANEETTA  MARY SAJAN
E,2021-04-29,Afternoon, EST200  ,19,MDL19CS016,ANGELA  TONY
E,2021-04-29,Afternoon, EST200  ,19,MDL19CS017,ANITHA S MENON
E,2021-04-29,Afternoon, EST200  ,19,MDL19CS018,ANJALI  J  PARAPPATTU 
E,2021-04-29,Afternoon, EST200  ,19,MDL19CS019,ANJALI  RAJENDRAN
E,2021-04-29,Afternoon, EST200  ,19,MDL19CS020,ANJANA  SUDEVAN
E,2021-04-29,Afternoon, EST200  ,19,MDL19CS021,ANNA  SIMON
E,2021-04-29,Afternoon, EST200  ,19,MDL19CS022,ANSAF  MUHAMMED  M C
E,2021-04-29,Afternoon, EST200  ,19,MDL19CS025,ARAVIND P SABU
E,2021-04-29,Afternoon, EST200  ,19,MDL19CS026,ARJUN  SARMA
E,2021-04-29,Afternoon, EST200  ,19,MDL19CS027,ARJUN  SUDHEER
E,2021-04-29,Afternoon, EST200  ,19,MDL19CS028,ARTI   BHATIA
E,2021-04-29,Afternoon, EST200  ,19,MDL19CS030,ASHIQUE ALI P.S
E,2021-04-29,Afternoon, EST200  ,19,MDL19CS031,ASHISH MATHEW PHILIP
E,2021-04-29,Afternoon, EST200  ,19,MDL19CS032,ASHWIN  GIRISH
E,2021-04-29,Afternoon, EST200  ,19,MDL19CS035,DEEPAKLAL  T A
E,2021-04-29,Afternoon, EST200  ,19,MDL19CS037,DENIN  PAUL
E,2021-04-29,Afternoon, EST200  ,19,MDL19CS039,DEVANARAYAN   J
E,2021-04-29,Afternoon, EST200  ,19,MDL19CS040,DIYA   NAUSHAD
E,2021-04-29,Afternoon, EST200  ,19,MDL19CS041,DONA  YELDO
E,2021-04-29,Afternoon, EST200  ,19,MDL19CS042,EBIN  BIGI
E,2021-04-29,Afternoon, EST200  ,19,MDL19CS043,ELIZABETH MARY MATHEW
E,2021-04-29,Afternoon, EST200  ,19,MDL19CS044,FAHEEM   P P 
E,2021-04-29,Afternoon, EST200  ,19,MDL19CS045,FARHATH SULTHANA JAMAL  
E,2021-04-29,Afternoon, EST200  ,19,MDL19CS046,GAUTHAM S BAIJU
E,2021-04-29,Afternoon, EST200  ,19,MDL19CS047,GAYATHRY   S
E,2021-04-29,Afternoon, EST200  ,19,MDL19CS050,GOKUL  SAGAR
E,2021-04-29,Afternoon, EST200  ,19,MDL19CS051,GOPIKA  G
E,2021-04-29,Afternoon, EST200  ,19,MDL19CS052,GOURI  HARIHARAN
E,2021-04-29,Afternoon, EST200  ,19,MDL19CS055,HEMANTH  R
E,2021-04-29,Afternoon, EST200  ,19,MDL19CS056,INDRAJITH   VIJAYAN
E,2021-04-29,Afternoon, EST200  ,19,MDL19CS057,JABIRA FARHATH M A
E,2021-04-29,Afternoon, EST200  ,19,MDL19CS059,JERIN  TOM
E,2021-04-29,Afternoon, EST200  ,19,MDL19CS060,JESSICA  JOLLY
E,2021-04-29,Afternoon, EST200  ,19,MDL19CS061,JOEL JOSEPH JUDE
E,2021-04-29,Afternoon, EST200  ,19,MDL19CS062,JOEL  JOSHUA
E,2021-04-29,Afternoon, EST200  ,19,MDL19CS063,JOMEY J JAMES
E,2021-04-29,Afternoon, EST200  ,19,MDL19CS064,JOSEPH DOMINIC MATHEW
E,2021-04-29,Afternoon, EST200  ,19,MDL19CS065,JYOTHIS  K B
E,2021-04-29,Afternoon, EST200  ,19,MDL19CS067,KARTHIK UNNIKRISHNAN  
E,2021-04-29,Afternoon, EST200  ,19,MDL19CS068,KEVIN  ABRAHAM
E,2021-04-29,Afternoon, EST200  ,19,MDL19CS069,KHUSHI BHARAT KUMAR SHAH
E,2021-04-29,Afternoon, EST200  ,19,MDL19CS070,KRISHNENDU  NAMBIAR
E,2021-04-29,Afternoon, EST200  ,19,MDL19CS071,MARIA  J MATHEW
E,2021-04-29,Afternoon, EST200  ,19,MDL19CS072,MARIA RACHEL JOSEPH
E,2021-04-29,Afternoon, EST200  ,19,MDL19CS073,MEGHA MARIAM K.M
E,2021-04-29,Afternoon, EST200  ,19,MDL19CS074,MEGHANA  O P
E,2021-04-29,Afternoon, EST200  ,19,MDL19CS076,MUHAMMED  ABNAN  M S
E,2021-04-29,Afternoon, EST200  ,19,MDL19CS077,MUHAMMED RAZEEN V
E,2021-04-29,Afternoon, EST200  ,19,MDL19CS078,NAVANEETH  R
E,2021-04-29,Afternoon, EST200  ,19,MDL19CS079,NAVANEETH S NAIR  
E,2021-04-29,Afternoon, EST200  ,19,MDL19CS082,NEVIN   MANOJ
E,2021-04-29,Afternoon, EST200  ,19,MDL19CS083,NIHITHA  S
E,2021-04-29,Afternoon, EST200  ,19,MDL19CS084,NIKHIL GEORGE  MATHEW
E,2021-04-29,Afternoon, EST200  ,19,MDL19CS085,NIKHIL P S
E,2021-04-29,Afternoon, EST200  ,19,MDL19CS086,NIKITA  MENON
E,2021-04-29,Afternoon, EST200  ,19,MDL19CS087,NITHIN  ANTONY
E,2021-04-29,Afternoon, EST200  ,19,MDL19CS088,NOEL  ELDHO
E,2021-04-29,Afternoon, EST200  ,19,MDL19CS089,P J ARAVIND
E,2021-04-29,Afternoon, EST200  ,19,MDL19CS090,PRADEESH  NAIR
E,2021-04-29,Afternoon, EST200  ,19,MDL19CS091,PRANAV H. NAIR
E,2021-04-29,Afternoon, EST200  ,19,MDL19CS092,PRANAV  JAYASHANKAR
E,2021-04-29,Afternoon, EST200  ,19,MDL19CS093,PRANOY  SANTHOSH  M
E,2021-04-29,Afternoon, EST200  ,19,MDL19CS094,RAHUL S KUMAR
E,2021-04-29,Afternoon, EST200  ,19,MDL19CS095,RESHMA  J NAIR
E,2021-04-29,Afternoon, EST200  ,19,MDL19CS096,ROYCE  ELSON
E,2021-04-29,Afternoon, EST200  ,19,MDL19CS097,ROY JOSE VETTIYADEN
E,2021-04-29,Afternoon, EST200  ,19,MDL19CS099,SAYYED  ANWAR
E,2021-04-29,Afternoon, EST200  ,19,MDL19CS100,SEBIN  DAVIS
E,2021-04-29,Afternoon, EST200  ,19,MDL19CS101,SHARAT JACOB JACOB
E,2021-04-29,Afternoon, EST200  ,19,MDL19CS104,SIDHARTH  S
E,2021-04-29,Afternoon, EST200  ,19,MDL19CS105,S  J THOMAS
E,2021-04-29,Afternoon, EST200  ,19,MDL19CS106,SREELAL  K
E,2021-04-29,Afternoon, EST200  ,19,MDL19CS107,SREERAM  VINAYAKUMAR
E,2021-04-29,Afternoon, EST200  ,19,MDL19CS108,STEVE SAM JACOB
E,2021-04-29,Afternoon, EST200  ,19,MDL19CS109,SUNNY   JAMES
E,2021-04-29,Afternoon, EST200  ,19,MDL19CS110,THOMAS  JOHN
E,2021-04-29,Afternoon, EST200  ,19,MDL19CS111,TISS  JOSEPH
E,2021-04-29,Afternoon, EST200  ,19,MDL19CS112,T  MEGHA
E,2021-04-29,Afternoon, EST200  ,19,MDL19CS113,TOBIN  ABRAHAM
E,2021-04-29,Afternoon, EST200  ,19,MDL19CS116,R VAISHNAV  
E,2021-04-29,Afternoon, EST200  ,19,MDL19CS117,VIKAS P NAMBIAR  
E,2021-04-29,Afternoon, EST200  ,19,MDL19CS118,VINAYAK  SIDHARTH
E,2021-04-29,Afternoon, EST200  ,19,MDL19CS119,VINEETH M VINOY
E,2021-04-29,Afternoon, EST200  ,19,MDL19CS120,VISHNU  VINOD
E,2021-04-29,Afternoon, EST200  ,19,MDL19CS121,VISHRUTH  SUBRAMANIAN
E,2021-04-29,Afternoon, EST200  ,19,MDL19CS122,V S SREERAM  
E,2021-04-29,Afternoon, EST200  ,19,MDL19EBE001,ADITYA  ASHOKAN
E,2021-04-29,Afternoon, EST200  ,19,MDL19EBE002,AHSAN  PA
E,2021-04-29,Afternoon, EST200  ,19,MDL19EBE003,AIMY   LENSON
E,2021-04-29,Afternoon, EST200  ,19,MDL19EBE004,AISWARYA  LAKSHMI V
E,2021-04-29,Afternoon, EST200  ,19,MDL19EBE005,AMAL  K A
E,2021-04-29,Afternoon, EST200  ,19,MDL19EBE006,ANANTHU  ANIL
E,2021-04-29,Afternoon, EST200  ,19,MDL19EBE007,APARNA  R
E,2021-04-29,Afternoon, EST200  ,19,MDL19EBE008,ARUN  MOHAN N
E,2021-04-29,Afternoon, EST200  ,19,MDL19EBE009,A V ADHITHYA ANIL
E,2021-04-29,Afternoon, EST200  ,19,MDL19EBE011,DEVIKA  MENACHERIL
E,2021-04-29,Afternoon, EST200  ,19,MDL19EBE012,DEVIKA  S
E,2021-04-29,Afternoon, EST200  ,19,MDL19EBE013,DEVIKA  SURESH
E,2021-04-29,Afternoon, EST200  ,19,MDL19EBE014,DHAKHIR  
E,2021-04-29,Afternoon, EST200  ,19,MDL19EBE015,DHANIYA  JAAFAR
E,2021-04-29,Afternoon, EST200  ,19,MDL19EBE016,ELIZABETH MARIA GEORGE
E,2021-04-29,Afternoon, EST200  ,19,MDL19EBE017,EPHRIAM B VALLAPPILLIL  
E,2021-04-29,Afternoon, EST200  ,19,MDL19EBE018,ESTHER MARIA THERESE CHIRAYATH
E,2021-04-29,Afternoon, EST200  ,19,MDL19EBE019,FARHAN NAINA P.A
E,2021-04-29,Afternoon, EST200  ,19,MDL19EBE020,FATHIMA  HAKKIM
E,2021-04-29,Afternoon, EST200  ,19,MDL19EBE021,FATHIMA NAHAN K
E,2021-04-29,Afternoon, EST200  ,19,MDL19EBE022,FEMINA  P A
E,2021-04-29,Afternoon, EST200  ,19,MDL19EBE023,GAADHA  JEEVAN
E,2021-04-29,Afternoon, EST200  ,19,MDL19EBE024,GOPIKA PRAVEEN  
E,2021-04-29,Afternoon, EST200  ,19,MDL19EBE025,HAALAH IBRAHIM PUTHIYAVEETIL
E,2021-04-29,Afternoon, EST200  ,19,MDL19EBE026,HAROON  RASHEED
E,2021-04-29,Afternoon, EST200  ,19,MDL19EBE027,HASHIR   ASLAM
E,2021-04-29,Afternoon, EST200  ,19,MDL19EBE028,IHAM  MOHAMED D C PONNAMBATH
E,2021-04-29,Afternoon, EST200  ,19,MDL19EBE029,IMTIAZ  MUHAMED BASHEER
E,2021-04-29,Afternoon, EST200  ,19,MDL19EBE030,JITHENDRAN U M  
E,2021-04-29,Afternoon, EST200  ,19,MDL19EBE031,JITHI K J
E,2021-04-29,Afternoon, EST200  ,19,MDL19EBE032,JOHN  POTHEN
E,2021-04-29,Afternoon, EST200  ,19,MDL19EBE035,MOHAMMED ALI CHAMAKKALAYIL
E,2021-04-29,Afternoon, EST200  ,19,MDL19EBE036,NAURIN P HARIF
E,2021-04-29,Afternoon, EST200  ,19,MDL19EBE037,NIYA  NELSON
E,2021-04-29,Afternoon, EST200  ,19,MDL19EBE038,NOEL  JOSEPH
E,2021-04-29,Afternoon, EST200  ,19,MDL19EBE039,NOURIN  NADEEM
E,2021-04-29,Afternoon, EST200  ,19,MDL19EBE040,PAPPY A LAKSHMI  
E,2021-04-29,Afternoon, EST200  ,19,MDL19EBE042,POOJA  M P
E,2021-04-29,Afternoon, EST200  ,19,MDL19EBE043,POURNAMI   PRADEEP 
E,2021-04-29,Afternoon, EST200  ,19,MDL19EBE045,REVATHY C REMESAN
E,2021-04-29,Afternoon, EST200  ,19,MDL19EBE047,ROSEMARY  TOMY
E,2021-04-29,Afternoon, EST200  ,19,MDL19EBE048,SABARINATH P J  
E,2021-04-29,Afternoon, EST200  ,19,MDL19EBE050,SANDHYA  PRADEEP
E,2021-04-29,Afternoon, EST200  ,19,MDL19EBE051,SARA SUZAAN SURESH
E,2021-04-29,Afternoon, EST200  ,19,MDL19EBE052,SHADIYA  V S
E,2021-04-29,Afternoon, EST200  ,19,MDL19EBE053,SHARUKH  ZAKKIR
E,2021-04-29,Afternoon, EST200  ,19,MDL19EBE055,SINY ANN JAMES
E,2021-04-29,Afternoon, EST200  ,19,MDL19EBE056,SOORYA K B  
E,2021-04-29,Afternoon, EST200  ,19,MDL19EBE057,VARSHA  M C
E,2021-04-29,Afternoon, EST200  ,19,MDL19EBE059,VISHNUPRIYA  .T
E,2021-04-29,Afternoon, EST200  ,19,MDL19EBE060,VRINDHA KRISHNA KUMAR
E,2021-04-29,Afternoon, EST200  ,19,MDL19EBE061,WASIM MOHAMMED ANAS
E,2021-04-29,Afternoon, EST200  ,19,MUT19CE028,I AAZIYA HUSAIN
E,2021-04-29,Afternoon, EST200  ,19,NSS19CS050,ROHITH  RAMESH
E,2021-04-29,Afternoon, EST200  ,19,NSS19EE035,ASHWIN S K
E,2021-04-29,Afternoon, EST200  ,19,NSS19EE078,MUHAMMED ZUHAIL  M J
E,2021-04-29,Afternoon, EST200  ,19,RET19CS199,SNEHA HASSAN  
E,2021-04-29,Afternoon, EST200  ,19,SCM19CS007,ADITYA  MUKUNDAN
E,2021-04-29,Afternoon, EST200  ,19,SCM19CS015,AKHINASH  PRASAD
E,2021-04-29,Afternoon, EST200  ,19,SCM19CS019,ALLEN  LAWRENCE
E,2021-04-29,Afternoon, EST200  ,19,SCM19CS029,ANTRIN  SANTHOSH
E,2021-04-29,Afternoon, EST200  ,19,SCM19CS050,GEORGE  ANIL
E,2021-04-29,Afternoon, EST200  ,19,SCM19CS104,SUDHEESH  N S
E,2021-04-29,Afternoon, EST200  ,19,SCM19EC015,HARIPRIYA  C H
E,2021-04-29,Afternoon, EST200  ,19,TCR19CS009,AISWARYA PRADEEP 
E,2021-04-29,Afternoon, EST200  ,19,TCR19CS021,ASHISH M NAIR
E,2021-04-29,Afternoon, EST200  ,19,TCR19ME096,SANDRAJA I PILLAI
E,2021-04-29,Afternoon, EST200  ,19,TKM19CH038,JOHAAN  JOMY
E,2021-04-29,Afternoon, EST200  ,19,TKM19EE072,HAWAAS  BIN HASSAN FAITHILAGOTHI
E,2021-04-29,Afternoon, EST200  ,19,TKM19EE106,NAVEEN  A
E,2021-04-29,Afternoon, EST200  ,19,TKM19EE131,SOORAJ T S
E,2021-04-29,Afternoon, EST200  ,19,TKM19ME003,AARIF  MOHAMMED
E,2021-04-29,Afternoon, EST200  ,19,TRV19IT060,VIVEK KUMAR CHAUBEY
E,2021-04-29,Afternoon, EST200  ,19,TVE19IE017,ASHUTOSH   HARISH
E,2021-04-29,Afternoon, EST200  ,19,TVE19ME113,SHAKTHI  A
E,2021-04-29,Afternoon, EST200  ,19,WYD19CS038,NEENA   XAVIER
E,2021-04-29,Forenoon, HUT200  ,19,ASI19CS071,KEVIN PAUL BABU
E,2021-04-29,Forenoon, HUT200  ,19,CHN19CS062,JEFF AARON JOHNS
E,2021-04-29,Forenoon, HUT200  ,19,CHN19CS099,RIYA  JOSEPH
E,2021-04-29,Forenoon, HUT200  ,19,IDK19EC024,GOKUL   PRAKASH
E,2021-04-29,Forenoon, HUT200  ,19,IGW19EE004,Ashal  P.S
E,2021-04-29,Forenoon, HUT200  ,19,KTE19ME036,IRFAN  AHAMMED P A
E,2021-04-29,Forenoon, HUT200  ,19,LMDL19EC127,AISWARYA  R
E,2021-04-29,Forenoon, HUT200  ,19,LMDL19EC129,AKHIL  VARGHESE
E,2021-04-29,Forenoon, HUT200  ,19,LMDL19EC130,ALWIN  VARGHESE
E,2021-04-29,Forenoon, HUT200  ,19,LMDL19EC131,ANITTA  GARVADIS
E,2021-04-29,Forenoon, HUT200  ,19,LMDL19EC132,ANOOP  JOSE
E,2021-04-29,Forenoon, HUT200  ,19,LMDL19EC133,ARAVIND  T S
E,2021-04-29,Forenoon, HUT200  ,19,LMDL19EC134,ARUN  JYOTHISH
E,2021-04-29,Forenoon, HUT200  ,19,LMDL19EC136,FARHANA  T N
E,2021-04-29,Forenoon, HUT200  ,19,LMDL19EC137,NANDUGOKUL  K N
E,2021-04-29,Forenoon, HUT200  ,19,LMDL19EE063,ALEX  PAUL
E,2021-04-29,Forenoon, HUT200  ,19,LMDL19EE064,AMEER  T S
E,2021-04-29,Forenoon, HUT200  ,19,LMDL19EE066,M H MUHAMMED SAHAL
E,2021-04-29,Forenoon, HUT200  ,19,LMDL19EE067,MOHAMMED  FUDHAIL P
E,2021-04-29,Forenoon, HUT200  ,19,LMDL19EE068,SREEKANTH  UNNIKRISHNAN
E,2021-04-29,Forenoon, HUT200  ,19,LMNR19EE011,ALWYN  ELDHOSE
E,2021-04-29,Forenoon, HUT200  ,19,LTVE19EE133,ASHIQUE S PRAKASH
E,2021-04-29,Forenoon, HUT200  ,19,MAC19CS028,JACOB  RAYBIN
E,2021-04-29,Forenoon, HUT200  ,19,MAC19ME093,RENJAN JOSE PAUL
E,2021-04-29,Forenoon, HUT200  ,19,MAC19ME099,SHARON  MARTIN
E,2021-04-29,Forenoon, HUT200  ,19,MAC19ME107,SREEKUMAR M C
E,2021-04-29,Forenoon, HUT200  ,19,MAC19ME119,V P DILIP
E,2021-04-29,Forenoon, HUT200  ,19,MDL19EC001,ABHIJIT  THANKACHAN
E,2021-04-29,Forenoon, HUT200  ,19,MDL19EC003,ADARSH  BABU S
E,2021-04-29,Forenoon, HUT200  ,19,MDL19EC004,ADHARSH   T S
E,2021-04-29,Forenoon, HUT200  ,19,MDL19EC005,ADITYA SHREERAJ NAIR
E,2021-04-29,Forenoon, HUT200  ,19,MDL19EC007,AFRIN  FARHATH
E,2021-04-29,Forenoon, HUT200  ,19,MDL19EC009,AJAYKRISHNA   E
E,2021-04-29,Forenoon, HUT200  ,19,MDL19EC010,AJIN SHAJI P
E,2021-04-29,Forenoon, HUT200  ,19,MDL19EC011,AKHIL  SASI
E,2021-04-29,Forenoon, HUT200  ,19,MDL19EC012,AKSHAYA  SANAL
E,2021-04-29,Forenoon, HUT200  ,19,MDL19EC013,AKSHAY KRISHNA M U
E,2021-04-29,Forenoon, HUT200  ,19,MDL19EC015,ALFIN  BENILD
E,2021-04-29,Forenoon, HUT200  ,19,MDL19EC016,ALFRED  PIUS
E,2021-04-29,Forenoon, HUT200  ,19,MDL19EC017,ALLEN ALEX ABRAHAM
E,2021-04-29,Forenoon, HUT200  ,19,MDL19EC018,AMAY  GANESH
E,2021-04-29,Forenoon, HUT200  ,19,MDL19EC019,AMISHA  KURIAKOSE
E,2021-04-29,Forenoon, HUT200  ,19,MDL19EC020,AMITH  TONY JOSEPH
E,2021-04-29,Forenoon, HUT200  ,19,MDL19EC021,ANAKHAN T H
E,2021-04-29,Forenoon, HUT200  ,19,MDL19EC022,ANANDA SAI  A
E,2021-04-29,Forenoon, HUT200  ,19,MDL19EC023,ANANTHITA A PADMESH
E,2021-04-29,Forenoon, HUT200  ,19,MDL19EC024,ANEENA  PRINCE
E,2021-04-29,Forenoon, HUT200  ,19,MDL19EC025,ANJALI  SAJEEVAN
E,2021-04-29,Forenoon, HUT200  ,19,MDL19EC026,ANNA M PANICKER
E,2021-04-29,Forenoon, HUT200  ,19,MDL19EC027,ANTONY  AUGUSTINE
E,2021-04-29,Forenoon, HUT200  ,19,MDL19EC028,APARNA  SREENIVAS
E,2021-04-29,Forenoon, HUT200  ,19,MDL19EC029,ARDHRA  MANOJ 
E,2021-04-29,Forenoon, HUT200  ,19,MDL19EC030,ARJUN  MANOJ
E,2021-04-29,Forenoon, HUT200  ,19,MDL19EC031,ARJUN  S
E,2021-04-29,Forenoon, HUT200  ,19,MDL19EC032,ARJUN T P
E,2021-04-29,Forenoon, HUT200  ,19,MDL19EC033,ASWATHY  MANOJ
E,2021-04-29,Forenoon, HUT200  ,19,MDL19EC034,ASWIN  A
E,2021-04-29,Forenoon, HUT200  ,19,MDL19EC035,ASWIN  AUGUSTINE
E,2021-04-29,Forenoon, HUT200  ,19,MDL19EC036,ASWIN  SUKU
E,2021-04-29,Forenoon, HUT200  ,19,MDL19EC037,BHARATH  KRISHNA
E,2021-04-29,Forenoon, HUT200  ,19,MDL19EC039,C GOKUL  KRISHNA
E,2021-04-29,Forenoon, HUT200  ,19,MDL19EC040,C NAVANIT NANDAKUMAR  
E,2021-04-29,Forenoon, HUT200  ,19,MDL19EC041,DALIN SIXTUS K.J.
E,2021-04-29,Forenoon, HUT200  ,19,MDL19EC042,DEEPTHI   JOSEPH 
E,2021-04-29,Forenoon, HUT200  ,19,MDL19EC043,DEVIKRISHNA  N
E,2021-04-29,Forenoon, HUT200  ,19,MDL19EC044,DEVIPRIYA  M S 
E,2021-04-29,Forenoon, HUT200  ,19,MDL19EC045,ETHENA  MOTHI
E,2021-04-29,Forenoon, HUT200  ,19,MDL19EC046,FAIZA MARIYAM A L
E,2021-04-29,Forenoon, HUT200  ,19,MDL19EC047,FRANCO JOE M
E,2021-04-29,Forenoon, HUT200  ,19,MDL19EC048,GEETHU . S
E,2021-04-29,Forenoon, HUT200  ,19,MDL19EC049,GEONA  JIMMY
E,2021-04-29,Forenoon, HUT200  ,19,MDL19EC051,GOPALA KRISHNAN  VENKATARAMAN
E,2021-04-29,Forenoon, HUT200  ,19,MDL19EC052,GOURI   KRISHNA 
E,2021-04-29,Forenoon, HUT200  ,19,MDL19EC053,HARIKRISHNAN  K.G.
E,2021-04-29,Forenoon, HUT200  ,19,MDL19EC054,HARITHA  V
E,2021-04-29,Forenoon, HUT200  ,19,MDL19EC055,HEMANTH SAGAR  J C
E,2021-04-29,Forenoon, HUT200  ,19,MDL19EC056,IRENE MARIA JIJO
E,2021-04-29,Forenoon, HUT200  ,19,MDL19EC057,ISSAC   DANIEL 
E,2021-04-29,Forenoon, HUT200  ,19,MDL19EC058,JANICE MARIA JONS
E,2021-04-29,Forenoon, HUT200  ,19,MDL19EC059,JERRY ZACHARIAH JOSE
E,2021-04-29,Forenoon, HUT200  ,19,MDL19EC060,JESWIN  PIUS
E,2021-04-29,Forenoon, HUT200  ,19,MDL19EC061,JEWEL A. P
E,2021-04-29,Forenoon, HUT200  ,19,MDL19EC062,JITHIN  SABU
E,2021-04-29,Forenoon, HUT200  ,19,MDL19EC064,JOHN  DAMIN
E,2021-04-29,Forenoon, HUT200  ,19,MDL19EC065,JOHN   THARIAN
E,2021-04-29,Forenoon, HUT200  ,19,MDL19EC066,JOSEPH BOBBY POOTHULLIL
E,2021-04-29,Forenoon, HUT200  ,19,MDL19EC067,JOSIAH ELZA JACOB
E,2021-04-29,Forenoon, HUT200  ,19,MDL19EC068,KALYANI   PRADEEP 
E,2021-04-29,Forenoon, HUT200  ,19,MDL19EC069,KIRAN AJITH JOSEPH
E,2021-04-29,Forenoon, HUT200  ,19,MDL19EC070,KRISHNA PRIYA  K
E,2021-04-29,Forenoon, HUT200  ,19,MDL19EC071,KURIAN SIBI  
E,2021-04-29,Forenoon, HUT200  ,19,MDL19EC072,KURIEN NOEL KEEYATH
E,2021-04-29,Forenoon, HUT200  ,19,MDL19EC073,LAKSHMIPRIYA  MOHANDAS
E,2021-04-29,Forenoon, HUT200  ,19,MDL19EC074,LEAH   JOSEPH
E,2021-04-29,Forenoon, HUT200  ,19,MDL19EC075,LOUIS  EMMANUEL THOMAS
E,2021-04-29,Forenoon, HUT200  ,19,MDL19EC076,M MALAVIKA  
E,2021-04-29,Forenoon, HUT200  ,19,MDL19EC077,MANJIMA  M
E,2021-04-29,Forenoon, HUT200  ,19,MDL19EC078,MANU  P R
E,2021-04-29,Forenoon, HUT200  ,19,MDL19EC079,MANU  RAIPHIL
E,2021-04-29,Forenoon, HUT200  ,19,MDL19EC080,MERIN  YELDHO
E,2021-04-29,Forenoon, HUT200  ,19,MDL19EC081,MERLIN SARAH MATHEW 
E,2021-04-29,Forenoon, HUT200  ,19,MDL19EC082,MOHAMED  SHAFI
E,2021-04-29,Forenoon, HUT200  ,19,MDL19EC083,MOHAMMED AQUEEL K N  
E,2021-04-29,Forenoon, HUT200  ,19,MDL19EC084,MOHAMMED FAARAZ K A 
E,2021-04-29,Forenoon, HUT200  ,19,MDL19EC086,NAMITHA KRISHNA  K
E,2021-04-29,Forenoon, HUT200  ,19,MDL19EC090,NIBA JABEEN AKBER
E,2021-04-29,Forenoon, HUT200  ,19,MDL19EC091,NISA MARY TOMY
E,2021-04-29,Forenoon, HUT200  ,19,MDL19EC092,PARVATHY    T  J
E,2021-04-29,Forenoon, HUT200  ,19,MDL19EC093,PREETI MARIAM MATHEWS
E,2021-04-29,Forenoon, HUT200  ,19,MDL19EC096,RIYA  LALU
E,2021-04-29,Forenoon, HUT200  ,19,MDL19EC097,RIZWAN  MOHAMMED
E,2021-04-29,Forenoon, HUT200  ,19,MDL19EC098,ROHAN  J ABRAHAM
E,2021-04-29,Forenoon, HUT200  ,19,MDL19EC099,ROHIT MADHAV RANGANADH
E,2021-04-29,Forenoon, HUT200  ,19,MDL19EC100,ROSHAN  SHIBU
E,2021-04-29,Forenoon, HUT200  ,19,MDL19EC101,ROSIA  JOHNY
E,2021-04-29,Forenoon, HUT200  ,19,MDL19EC102,ROS  THERESE
E,2021-04-29,Forenoon, HUT200  ,19,MDL19EC103,SAARANG  P
E,2021-04-29,Forenoon, HUT200  ,19,MDL19EC104,SAIKRISHNA M S  
E,2021-04-29,Forenoon, HUT200  ,19,MDL19EC106,SAMSON C ROY
E,2021-04-29,Forenoon, HUT200  ,19,MDL19EC107,SANJAY SANKAR  S
E,2021-04-29,Forenoon, HUT200  ,19,MDL19EC108,SAURAV  SAJESH
E,2021-04-29,Forenoon, HUT200  ,19,MDL19EC109,SHIVANI  S P
E,2021-04-29,Forenoon, HUT200  ,19,MDL19EC110,SHIVARANJINI   T P
E,2021-04-29,Forenoon, HUT200  ,19,MDL19EC111,SHRUTHI  P
E,2021-04-29,Forenoon, HUT200  ,19,MDL19EC112,SIDDHARTH  AJITH
E,2021-04-29,Forenoon, HUT200  ,19,MDL19EC113,SIDHARTH MUNDUVELIL SURESHKUMAR
E,2021-04-29,Forenoon, HUT200  ,19,MDL19EC114,SIDHARTH   NAIR
E,2021-04-29,Forenoon, HUT200  ,19,MDL19EC115,SIDHARTH  S
E,2021-04-29,Forenoon, HUT200  ,19,MDL19EC116,SREEJAYA V S
E,2021-04-29,Forenoon, HUT200  ,19,MDL19EC117,SREELAKSHMI V A
E,2021-04-29,Forenoon, HUT200  ,19,MDL19EC118,SREYAS I DYNE
E,2021-04-29,Forenoon, HUT200  ,19,MDL19EC121,THEJUS  JAWAHAR
E,2021-04-29,Forenoon, HUT200  ,19,MDL19EC122,UNNIKRISHNAMENON  M
E,2021-04-29,Forenoon, HUT200  ,19,MDL19EC123,VINAYAK C DILEEP
E,2021-04-29,Forenoon, HUT200  ,19,MDL19EC124,VISHNUMAYA S UNNI
E,2021-04-29,Forenoon, HUT200  ,19,MDL19EC125,VIVEK  SAJI MANNURETH
E,2021-04-29,Forenoon, HUT200  ,19,MDL19EE001,AAMIR  ZAIN K K
E,2021-04-29,Forenoon, HUT200  ,19,MDL19EE002,A   ANAND
E,2021-04-29,Forenoon, HUT200  ,19,MDL19EE003,ABIN C S  
E,2021-04-29,Forenoon, HUT200  ,19,MDL19EE004,ADARSH P BABU
E,2021-04-29,Forenoon, HUT200  ,19,MDL19EE005,ADHISH  K S
E,2021-04-29,Forenoon, HUT200  ,19,MDL19EE006,AEDNA   KURIAN
E,2021-04-29,Forenoon, HUT200  ,19,MDL19EE007,AISWARYA A M
E,2021-04-29,Forenoon, HUT200  ,19,MDL19EE008,AJSAL MOHAMMED T S
E,2021-04-29,Forenoon, HUT200  ,19,MDL19EE009,AKHIL  ALBERT
E,2021-04-29,Forenoon, HUT200  ,19,MDL19EE010,AKSHAY V MENON
E,2021-04-29,Forenoon, HUT200  ,19,MDL19EE011,ALAN  ALOYSIUS
E,2021-04-29,Forenoon, HUT200  ,19,MDL19EE012,ANAGHA  NARAYANAN
E,2021-04-29,Forenoon, HUT200  ,19,MDL19EE013,ANANYA AJITH KALLUNGAL
E,2021-04-29,Forenoon, HUT200  ,19,MDL19EE014,ANU  JOHN
E,2021-04-29,Forenoon, HUT200  ,19,MDL19EE017,ASWIN   BINU
E,2021-04-29,Forenoon, HUT200  ,19,MDL19EE021,FAJRA  SIDDIQUE
E,2021-04-29,Forenoon, HUT200  ,19,MDL19EE022,FASLIN P NOUSHAD
E,2021-04-29,Forenoon, HUT200  ,19,MDL19EE023,FRANCIS DAVIS PATHADAN  
E,2021-04-29,Forenoon, HUT200  ,19,MDL19EE026,JAMES REJI MANNARKUZHIYIL
E,2021-04-29,Forenoon, HUT200  ,19,MDL19EE028,KIRAN  FRANCIS
E,2021-04-29,Forenoon, HUT200  ,19,MDL19EE029,MADHAV SANJEEV AMBADY
E,2021-04-29,Forenoon, HUT200  ,19,MDL19EE030,MEGHNA  PP
E,2021-04-29,Forenoon, HUT200  ,19,MDL19EE031,MOHAMMED LUTHFI  
E,2021-04-29,Forenoon, HUT200  ,19,MDL19EE032,MUHAMMED JASIR T H  
E,2021-04-29,Forenoon, HUT200  ,19,MDL19EE033,NAKUL   MENON
E,2021-04-29,Forenoon, HUT200  ,19,MDL19EE034,NAMITHA   K B
E,2021-04-29,Forenoon, HUT200  ,19,MDL19EE035,NASREEN K BASHEER
E,2021-04-29,Forenoon, HUT200  ,19,MDL19EE036,NAVNEET KRISHNAN S
E,2021-04-29,Forenoon, HUT200  ,19,MDL19EE037,NAYANTARA  THOMAS
E,2021-04-29,Forenoon, HUT200  ,19,MDL19EE038,NEEMA  JOHN
E,2021-04-29,Forenoon, HUT200  ,19,MDL19EE039,NESRIN  ANWER
E,2021-04-29,Forenoon, HUT200  ,19,MDL19EE040,NISHAD  P R
E,2021-04-29,Forenoon, HUT200  ,19,MDL19EE041,OLIN JOB M B
E,2021-04-29,Forenoon, HUT200  ,19,MDL19EE042,PARVATHY   DELEEP
E,2021-04-29,Forenoon, HUT200  ,19,MDL19EE044,PHILIP  THOMAS
E,2021-04-29,Forenoon, HUT200  ,19,MDL19EE045,REVA  PRADEEP
E,2021-04-29,Forenoon, HUT200  ,19,MDL19EE047,SANIA MARIA SABU
E,2021-04-29,Forenoon, HUT200  ,19,MDL19EE048,SANJAY   SATHEESH
E,2021-04-29,Forenoon, HUT200  ,19,MDL19EE049,SHAHNA K SALIM
E,2021-04-29,Forenoon, HUT200  ,19,MDL19EE050,SHANA  M SIDHIKH 
E,2021-04-29,Forenoon, HUT200  ,19,MDL19EE052,SIDDHARTH  S
E,2021-04-29,Forenoon, HUT200  ,19,MDL19EE053,SNEHA  K. A
E,2021-04-29,Forenoon, HUT200  ,19,MDL19EE054,SOURAV S  
E,2021-04-29,Forenoon, HUT200  ,19,MDL19EE055,SRADHA N S
E,2021-04-29,Forenoon, HUT200  ,19,MDL19EE056,SREEHARI  SUDEVAN
E,2021-04-29,Forenoon, HUT200  ,19,MDL19EE057,SURYA KIRAN K.B
E,2021-04-29,Forenoon, HUT200  ,19,MDL19EE058,VARKEY E  NJALIATH
E,2021-04-29,Forenoon, HUT200  ,19,MDL19EE059,VIGNESH PRABHAKAR M
E,2021-04-29,Forenoon, HUT200  ,19,MDL19EE060,VINEETH    RAJESH 
E,2021-04-29,Forenoon, HUT200  ,19,MDL19EE062,V S  HARIHARAN
E,2021-04-29,Forenoon, HUT200  ,19,MGP19BRBA021,GAYATHRI M NAIR
E,2021-04-29,Forenoon, HUT200  ,19,MGP19CS126,SHEFTON PHILIP BIVERA
E,2021-04-29,Forenoon, HUT200  ,19,MNR19CS026,Noel  Jolly K
E,2021-04-29,Forenoon, HUT200  ,19,MNR19CS032,S SIDHARTH  MADHAVAN
E,2021-04-29,Forenoon, HUT200  ,19,MNR19CS035,VISHNU  PRATHAP
E,2021-04-29,Forenoon, HUT200  ,19,MNR19EC008,Subha Lakshmi Hari  
E,2021-04-29,Forenoon, HUT200  ,19,MNR19ME017,NAVANEETH  K S
E,2021-04-29,Forenoon, HUT200  ,19,PKD19IT020,DEVA NARAYANAN M S
E,2021-04-29,Forenoon, HUT200  ,19,TKM19EC092,MAHADEVAN A NAIR
E,2021-04-29,Forenoon, HUT200  ,19,TVE19AE034,MICHAEL  KADAVAN
E,2021-04-29,Forenoon, HUT200  ,19,TVE19CS010,ALEENA  ASHRAF
E,2021-04-29,Forenoon, HUT200  ,19,TVE19CS012,ALVIN ANTONY K
E,2021-04-29,Forenoon, HUT200  ,19,TVE19CS034,HARISHANKAR S KUMAR
E,2021-04-29,Forenoon, HUT200  ,19,TVE19CS036,HAZEL MARY KAMPAKKARAN
E,2021-04-29,Forenoon, HUT200  ,19,TVE19CS046,NANDA KISHOR M PAI
E,2021-04-29,Forenoon, HUT200  ,19,TVE19EC012,ALAN B  THOMAS 
E,2021-04-29,Forenoon, HUT200  ,19,TVE19EC024,DEVI  KRISHNA  K R
E,2021-04-29,Forenoon, HUT200  ,19,TVE19EC029,HARI  GOVIND  H PANICKER 
E,2021-04-29,Forenoon, HUT200  ,19,TVE19EE001,AARON  ALEX
E,2021-04-29,Forenoon, HUT200  ,19,TVE19EE022,AMAL  PS
E,2021-04-29,Forenoon, HUT200  ,19,TVE19EE024,AMIN FATHIMA SADIQUE
E,2021-04-29,Forenoon, HUT200  ,19,TVE19EE025,ANAGHA   SIVAKUMAR
E,2021-04-29,Forenoon, HUT200  ,19,TVE19EE029,ANIRUDH  SURESH
E,2021-04-29,Forenoon, HUT200  ,19,TVE19EE090,PRANAV  V
E,2021-04-29,Forenoon, HUT200  ,19,TVE19EE106,SIDHARTH  R
E,2021-04-29,Forenoon, HUT200  ,19,TVE19EE123,VINESH KUMAR M V
